Model,Train_Mean,Train_Std,Validation_Mean,Validation_Std,Overfit_Gap,Is_Overfit
Logistic Regression,0.9995208942627152,0.0006389139387054934,0.9930359018157559,0.0041934886784035135,0.006484992446959326, NO
