Model,Train_Mean,Train_Std,Validation_Mean,Validation_Std,Overfit_Gap,Is_Overfit
XGBoost,0.9768140105636878,0.001563223812069342,0.9753934195149003,0.002376408740647717,0.0014205910487874451, NO
