Model,Train_Mean,Train_Std,Validation_Mean,Validation_Std,Overfit_Gap,Is_Overfit
XGBoost,0.9768140105636878,0.001563223812069342,0.9753934195149003,0.002376408740647717,0.0014205910487874451, NO
Decision Tree,0.9753680407215851,0.0014927816333251153,0.9747110305300012,0.0028634083086401594,0.0006570101915839288, NO
SVM,0.9784071352021882,0.0006661864738693287,0.9741593930003314,0.005456188220010491,0.004247742201856863, NO
Logistic Regression,0.9829115457608942,0.0003785801354928045,0.9734930346755469,0.005807395129059137,0.009418511085347303, NO
Gradient Boosting,0.9984081500286296,0.0005031471862607369,0.972158241820971,0.0062540566273259855,0.0262499082076586, NO
AdaBoost,0.985326778676084,0.0010351680422973995,0.9675111331372378,0.005009390120472102,0.01781564553884618, NO
Random Forest,0.9998406374501994,0.0003187250996016022,0.9664732083405896,0.003978156287146145,0.03336742910960977, NO
K-Nearest Neighbors,0.9503718394355744,0.0012315488698374873,0.9497279074549757,0.001463725175727109,0.0006439319805986443, NO
